{
  "scenario_name": "Increased_Capacity_20pct",
  "total_transportation_cost": 12015833.668843085,
  "total_holding_cost": 67712.92015946221,
  "total_stockout_cost": 15292637.383959275,
  "total_cost": 27376183.97296182,
  "on_time_delivery_rate": 0.5190476190476191,
  "order_fulfillment_rate": 0.6397099832682656,
  "total_demand": 539693,
  "total_fulfilled": 345247.0,
  "total_stockouts": 194446.0,
  "avg_warehouse_utilization": 19.39913703865236,
  "current_late_delivery_rate": 0.5482913155955883,
  "current_profit": -9488234.920914344,
  "estimated_new_profit": -19562000.950015172,
  "profit_improvement": -10073766.029100828,
  "optimization_status": "Optimal",
  "solve_time_seconds": 0.614622,
  "capacity_multiplier": 1.2,
  "transport_cost_multiplier": 1.0,
  "service_level_target": 0.95
}