{
  "scenario_name": "Increased_Capacity_20pct",
  "total_transportation_cost": 18916008.8135686,
  "total_holding_cost": 116222.11198335279,
  "total_stockout_cost": 14522089.393681882,
  "total_cost": 33554320.319233835,
  "on_time_delivery_rate": 0.4829619921363041,
  "order_fulfillment_rate": 0.9756391133477736,
  "total_demand": 539693,
  "total_fulfilled": 526545.6,
  "total_stockouts": 13147.4,
  "avg_warehouse_utilization": 33.55411853159337,
  "current_late_delivery_rate": 0.5482913155955883,
  "current_profit": -9488234.920914344,
  "current_revenue": 36784735.01337984,
  "current_cost": 46272969.93429419,
  "estimated_new_revenue": 87624015.18982413,
  "estimated_new_profit": 54069694.8705903,
  "profit_improvement": 63557929.791504644,
  "optimization_status": "Optimal",
  "solve_time_seconds": 300.466821,
  "capacity_multiplier": 1.2,
  "transport_cost_multiplier": 1.0,
  "service_level_target": 0.95,
  "stockout_penalty_multiplier": 10,
  "inventory_turnover_rate": 12,
  "avg_unit_price": 166.4129663030593
}