warehouse_id,capacity_m3,used_m3,utilization_pct,products_stocked
GUT930,14022.0,3380.9371332835217,24.11166119871289,49
AXW291,12922.8,747.4519146405789,5.783978043772085,12
NXH382,14919.599999999999,3094.0106157554847,20.737892542397148,38
FLR025,18373.2,4953.968923642738,26.96301636972731,62
