warehouse_id,capacity_m3,used_m3,utilization_pct,products_stocked
GUT930,14022.0,5056.447296094284,36.060813693440906,61
AXW291,12922.8,2567.740812978882,19.869848740047683,33
NXH382,14919.599999999999,4706.92105232847,31.54857403903905,51
FLR025,18373.2,8587.126148616402,46.73723765384583,81
