{
  "scenario_name": "Reduced_Transport_Cost_20pct",
  "total_transportation_cost": 11821971.852989681,
  "total_holding_cost": 72462.01106926028,
  "total_stockout_cost": 12822160.585812658,
  "total_cost": 24716594.4498716,
  "on_time_delivery_rate": 0.5104562737642585,
  "order_fulfillment_rate": 0.7470339619005619,
  "total_demand": 539693,
  "total_fulfilled": 403169.0,
  "total_stockouts": 136524.0,
  "avg_warehouse_utilization": 25.870152765810523,
  "current_late_delivery_rate": 0.5482913155955883,
  "current_profit": -9488234.920914344,
  "estimated_new_profit": -15591427.959856112,
  "profit_improvement": -6103193.038941767,
  "optimization_status": "Optimal",
  "solve_time_seconds": 0.813366,
  "capacity_multiplier": 1.0,
  "transport_cost_multiplier": 0.8,
  "service_level_target": 0.95
}