{
  "scenario_name": "Reduced_Transport_Cost_20pct",
  "total_transportation_cost": 15424520.882097015,
  "total_holding_cost": 96042.25814946298,
  "total_stockout_cost": 16951323.315774594,
  "total_cost": 32471886.45602107,
  "on_time_delivery_rate": 0.47696301103179756,
  "order_fulfillment_rate": 0.9733626339418892,
  "total_demand": 539693,
  "total_fulfilled": 525317.0,
  "total_stockouts": 14376.0,
  "avg_warehouse_utilization": 33.17894359440933,
  "current_late_delivery_rate": 0.5482913155955883,
  "current_profit": -9488234.920914344,
  "current_revenue": 36784735.01337984,
  "current_cost": 46272969.93429419,
  "estimated_new_revenue": 87419560.2194242,
  "estimated_new_profit": 54947673.76340313,
  "profit_improvement": 64435908.68431748,
  "optimization_status": "Optimal",
  "solve_time_seconds": 174.139111,
  "capacity_multiplier": 1.0,
  "transport_cost_multiplier": 0.8,
  "service_level_target": 0.95,
  "stockout_penalty_multiplier": 10,
  "inventory_turnover_rate": 12,
  "avg_unit_price": 166.4129663030593
}