warehouse_id,capacity_m3,used_m3,utilization_pct,products_stocked
GUT930,11685.0,3962.6671448924476,33.912427427406485,58
AXW291,10769.0,2346.5633181304615,21.789983453714008,36
NXH382,12433.0,3735.3218637115233,30.043608652067267,50
FLR025,15311.0,7191.5391642336745,46.969754844449575,82
