warehouse_id,capacity_m3,used_m3,utilization_pct,products_stocked
GUT930,11685.0,3357.006368223701,28.72919442211126,49
AXW291,10769.0,954.3449331871568,8.861964278829573,16
NXH382,12433.0,3099.842333588594,24.932376205168456,40
FLR025,15311.0,6270.937930418602,40.957076157132796,73
