{
  "scenario_name": "Increased_Transport_Cost_10pct",
  "total_transportation_cost": 12738824.121097192,
  "total_holding_cost": 65027.00603378002,
  "total_stockout_cost": 15745551.957632165,
  "total_cost": 28549403.08476314,
  "on_time_delivery_rate": 0.5012886597938144,
  "order_fulfillment_rate": 0.6152182815044849,
  "total_demand": 539693,
  "total_fulfilled": 332029.0,
  "total_stockouts": 207664.0,
  "avg_warehouse_utilization": 23.197435459100852,
  "current_late_delivery_rate": 0.5482913155955883,
  "current_profit": -9488234.920914344,
  "estimated_new_profit": -21034391.006668463,
  "profit_improvement": -11546156.085754119,
  "optimization_status": "Optimal",
  "solve_time_seconds": 0.632917,
  "capacity_multiplier": 1.0,
  "transport_cost_multiplier": 1.1,
  "service_level_target": 0.95
}