{
  "scenario_name": "Increased_Transport_Cost_10pct",
  "total_transportation_cost": 21142208.332353223,
  "total_holding_cost": 102018.47884551734,
  "total_stockout_cost": 17003522.564961597,
  "total_cost": 38247749.37616034,
  "on_time_delivery_rate": 0.48578982154659617,
  "order_fulfillment_rate": 0.9707778311002737,
  "total_demand": 539693,
  "total_fulfilled": 523922.0,
  "total_stockouts": 15771.0,
  "avg_warehouse_utilization": 36.17367024740179,
  "current_late_delivery_rate": 0.5482913155955883,
  "current_profit": -9488234.920914344,
  "current_revenue": 36784735.01337984,
  "current_cost": 46272969.93429419,
  "estimated_new_revenue": 87187414.13143143,
  "estimated_new_profit": 48939664.75527109,
  "profit_improvement": 58427899.67618544,
  "optimization_status": "Optimal",
  "solve_time_seconds": 300.196778,
  "capacity_multiplier": 1.0,
  "transport_cost_multiplier": 1.1,
  "service_level_target": 0.95,
  "stockout_penalty_multiplier": 10,
  "inventory_turnover_rate": 12,
  "avg_unit_price": 166.4129663030593
}