warehouse_id,capacity_m3,used_m3,utilization_pct,products_stocked
GUT930,11685.0,4289.026757121327,36.70540656500922,61
AXW291,10769.0,2652.512367190072,24.630999788188987,34
NXH382,12433.0,4553.093528042074,36.621036982563126,56
FLR025,15311.0,7155.938457180335,46.73723765384583,81
