warehouse_id,capacity_m3,used_m3,utilization_pct,products_stocked
GUT930,11685.0,3237.694999066891,27.708130073315285,46
AXW291,10769.0,747.4519146405789,6.940773652526501,12
NXH382,12433.0,3210.2617773769302,25.82049205643795,38
FLR025,15311.0,4948.568184346875,32.32034605412367,61
