{
  "scenario_name": "Reduced_Transport_Cost_10pct",
  "total_transportation_cost": 17334780.32444913,
  "total_holding_cost": 100748.48315732644,
  "total_stockout_cost": 16963240.42554488,
  "total_cost": 34398769.23315133,
  "on_time_delivery_rate": 0.48046875,
  "order_fulfillment_rate": 0.9726715002788623,
  "total_demand": 539693,
  "total_fulfilled": 524944.0,
  "total_stockouts": 14749.0,
  "avg_warehouse_utilization": 35.12708451301396,
  "current_late_delivery_rate": 0.5482913155955883,
  "current_profit": -9488234.920914344,
  "current_revenue": 36784735.01337984,
  "current_cost": 46272969.93429419,
  "estimated_new_revenue": 87357488.18299316,
  "estimated_new_profit": 52958718.94984183,
  "profit_improvement": 62446953.87075617,
  "optimization_status": "Optimal",
  "solve_time_seconds": 191.823416,
  "capacity_multiplier": 1.0,
  "transport_cost_multiplier": 0.9,
  "service_level_target": 0.95,
  "stockout_penalty_multiplier": 10,
  "inventory_turnover_rate": 12,
  "avg_unit_price": 166.4129663030593
}