{
  "scenario_name": "Reduced_Transport_Cost_10pct",
  "total_transportation_cost": 11890084.177421726,
  "total_holding_cost": 70727.96853472473,
  "total_stockout_cost": 14140798.762939999,
  "total_cost": 26101610.90889645,
  "on_time_delivery_rate": 0.5273311897106109,
  "order_fulfillment_rate": 0.691220749574295,
  "total_demand": 539693,
  "total_fulfilled": 373047.0,
  "total_stockouts": 166646.0,
  "avg_warehouse_utilization": 25.06163635860513,
  "current_late_delivery_rate": 0.5482913155955883,
  "current_profit": -9488234.920914344,
  "estimated_new_profit": -17658213.76377664,
  "profit_improvement": -8169978.842862297,
  "optimization_status": "Optimal",
  "solve_time_seconds": 0.711837,
  "capacity_multiplier": 1.0,
  "transport_cost_multiplier": 0.9,
  "service_level_target": 0.95
}