warehouse_id,capacity_m3,used_m3,utilization_pct,products_stocked
GUT930,11685.0,3361.932120472423,28.771348912900496,49
AXW291,10769.0,784.9304330168694,7.288795923640723,13
NXH382,12433.0,3193.4345518013856,25.68514881204364,38
FLR025,15311.0,5894.926660929298,38.50125178583566,70
