warehouse_id,capacity_m3,used_m3,utilization_pct,products_stocked
GUT930,11685.0,4213.70608007857,36.060813693440906,61
AXW291,10769.0,2734.402970226211,25.391428825575364,37
NXH382,12433.0,4018.20360012016,32.31885787919376,52
FLR025,15311.0,7155.938457180335,46.73723765384583,81
