{
  "scenario_name": "Increased_Capacity_30pct",
  "total_transportation_cost": 18764987.91181436,
  "total_holding_cost": 119648.55246672357,
  "total_stockout_cost": 13294777.52783312,
  "total_cost": 32179413.99211421,
  "on_time_delivery_rate": 0.48230668414154654,
  "order_fulfillment_rate": 0.9774564428295346,
  "total_demand": 539693,
  "total_fulfilled": 527526.4,
  "total_stockouts": 12166.6,
  "avg_warehouse_utilization": 31.89021176056018,
  "current_late_delivery_rate": 0.5482913155955883,
  "current_profit": -9488234.920914344,
  "current_revenue": 36784735.01337984,
  "current_cost": 46272969.93429419,
  "estimated_new_revenue": 87787233.02717419,
  "estimated_new_profit": 55607819.03505998,
  "profit_improvement": 65096053.955974326,
  "optimization_status": "Optimal",
  "solve_time_seconds": 300.267932,
  "capacity_multiplier": 1.3,
  "transport_cost_multiplier": 1.0,
  "service_level_target": 0.95,
  "stockout_penalty_multiplier": 10,
  "inventory_turnover_rate": 12,
  "avg_unit_price": 166.4129663030593
}