warehouse_id,capacity_m3,used_m3,utilization_pct,products_stocked
GUT930,15190.5,4845.350626861084,31.897242532247677,57
AXW291,13999.7,2610.9777911636274,18.650241013476197,31
NXH382,16162.900000000001,4855.91842282498,30.04360865206726,50
FLR025,19904.3,9349.000913503778,46.96975484444958,82
