warehouse_id,capacity_m3,used_m3,utilization_pct,products_stocked
GUT930,15190.5,3380.9371332835217,22.25691802958113,49
AXW291,13999.7,747.4519146405789,5.339056655789616,12
NXH382,16162.900000000001,3094.0106157554847,19.142670039135826,38
FLR025,19904.3,4953.968923642738,24.888938187440594,62
