warehouse_id,capacity_m3,used_m3,utilization_pct,products_stocked
GUT930,11685.0,4290.468780830085,36.71774737552491,62
AXW291,10769.0,2702.8847244357326,25.09875312875599,36
NXH382,12433.0,4061.1976416120297,32.664663730491675,53
FLR025,15311.0,7155.938457180335,46.73723765384583,81
