warehouse_id,capacity_m3,used_m3,utilization_pct,products_stocked
GUT930,11685.0,3380.9371332835217,28.93399343845547,49
AXW291,10769.0,747.4519146405789,6.940773652526501,12
NXH382,12433.0,3094.0106157554847,24.885471050876575,38
FLR025,15311.0,4953.968923642738,32.355619643672775,62
