warehouse_id,capacity_m3,used_m3,utilization_pct,products_stocked
GUT930,11685.0,4290.468780830087,36.717747375524915,
AXW291,10769.0,3252.802117753151,30.205238348529583,
NXH382,12433.0,4433.874157622289,35.662142343941845,
FLR025,15311.0,7155.938457180337,46.737237653845845,
