warehouse_id,warehouse_name,warehouse_region,warehouse_latitude,warehouse_longitude,storage_capacity_m3,holding_cost_per_unit,fixed_operating_cost,handling_cost_per_order,is_active,current_volume_used_m3,utilization_pct
GUT930,Warehouse_GUT930,Europe,38.29984854528513,-117.09581939159004,11685,2.484423118582435,180608,3.752867891211309,1,5405.009300386076,46.255963203988664
AXW291,Warehouse_AXW291,Asia Pacific,34.96646210492592,-76.69119271125325,10769,1.734963019255433,134478,4.19817105976215,1,7849.913838394508,72.89361907692923
NXH382,Warehouse_NXH382,North America,23.900466011060917,-89.94424941283955,12433,1.7233063209765618,172537,4.736419905302215,1,6187.520373112895,49.76691364202441
FLR025,Warehouse_FLR025,Europe,23.899863008405067,-84.59637111019772,15311,0.5141326104394348,199503,6.711055768358081,1,8074.855723897499,52.73891792761739
