{
  "scenario_name": "Higher_Service_Target_97pct",
  "total_transportation_cost": 19243943.177982353,
  "total_holding_cost": 101243.52522535584,
  "total_stockout_cost": 16979177.53534283,
  "total_cost": 36324364.238550544,
  "on_time_delivery_rate": 0.4845901639344262,
  "order_fulfillment_rate": 0.9719062504053231,
  "total_demand": 539693,
  "total_fulfilled": 524531.0,
  "total_stockouts": 15162.0,
  "avg_warehouse_utilization": 35.3046004721546,
  "current_late_delivery_rate": 0.5482913155955883,
  "current_profit": -9488234.920914344,
  "current_revenue": 36784735.01337984,
  "current_cost": 46272969.93429419,
  "estimated_new_revenue": 87288759.62791,
  "estimated_new_profit": 50964395.38935946,
  "profit_improvement": 60452630.310273804,
  "optimization_status": "Optimal",
  "solve_time_seconds": 300.144366,
  "capacity_multiplier": 1.0,
  "transport_cost_multiplier": 1.0,
  "service_level_target": 0.97,
  "stockout_penalty_multiplier": 10,
  "inventory_turnover_rate": 12,
  "avg_unit_price": 166.4129663030593
}