{
  "scenario_name": "Increased_Capacity_10pct",
  "total_transportation_cost": 19078381.182409286,
  "total_holding_cost": 110319.49821226731,
  "total_stockout_cost": 15749478.98952443,
  "total_cost": 34938179.67014598,
  "on_time_delivery_rate": 0.4829619921363041,
  "order_fulfillment_rate": 0.9738051077186476,
  "total_demand": 539693,
  "total_fulfilled": 525555.8,
  "total_stockouts": 14137.199999999999,
  "avg_warehouse_utilization": 35.05391558880912,
  "current_late_delivery_rate": 0.5482913155955883,
  "current_profit": -9488234.920914344,
  "current_revenue": 36784735.01337984,
  "current_cost": 46272969.93429419,
  "estimated_new_revenue": 87459299.63577738,
  "estimated_new_profit": 52521119.9656314,
  "profit_improvement": 62009354.88654575,
  "optimization_status": "Optimal",
  "solve_time_seconds": 300.347162,
  "capacity_multiplier": 1.1,
  "transport_cost_multiplier": 1.0,
  "service_level_target": 0.95,
  "stockout_penalty_multiplier": 10,
  "inventory_turnover_rate": 12,
  "avg_unit_price": 166.4129663030593
}