warehouse_id,capacity_m3,used_m3,utilization_pct,products_stocked
GUT930,12853.500000000002,3380.9371332835217,26.303630398595878,49
AXW291,11845.900000000001,747.4519146405789,6.309794229569546,12
NXH382,13676.300000000001,3094.0106157554847,22.623155500796884,38
FLR025,16842.100000000002,4953.968923642738,29.414199676066154,62
