warehouse_id,capacity_m3,used_m3,utilization_pct,products_stocked
GUT930,12853.500000000002,4635.076688086428,36.060813693440906,61
AXW291,11845.900000000001,2973.173196879306,25.09875312875599,36
NXH382,13676.300000000001,4420.023960132176,32.31885787919376,52
FLR025,16842.100000000002,7871.532302898369,46.73723765384583,81
